{
    "album": {
      "album_type": "album",
      "artists": [
        {
          "external_urls": {
            "spotify": "https://open.spotify.com/artist/06HL4z0CvFAxyc27GXpf02"
          },
          "href": "https://api.spotify.com/v1/artists/06HL4z0CvFAxyc27GXpf02",
          "id": "06HL4z0CvFAxyc27GXpf02",
          "name": "Taylor Swift",
          "type": "artist",
          "uri": "spotify:artist:06HL4z0CvFAxyc27GXpf02"
        }
      ],
      "available_markets": [
        "AR",
        "AU",
        "AT",
        "BE",
        "BO",
        "BR",
        "BG",
        "CA",
        "CL",
        "CO",
        "CR",
        "CY",
        "CZ",
        "DK",
        "DO",
        "DE",
        "EC",
        "EE",
        "SV",
        "FI",
        "FR",
        "GR",
        "GT",
        "HN",
        "HK",
        "HU",
        "IS",
        "IE",
        "IT",
        "LV",
        "LT",
        "LU",
        "MY",
        "MT",
        "MX",
        "NL",
        "NZ",
        "NI",
        "NO",
        "PA",
        "PY",
        "PE",
        "PH",
        "PL",
        "PT",
        "SG",
        "SK",
        "ES",
        "SE",
        "CH",
        "TW",
        "TR",
        "UY",
        "US",
        "GB",
        "AD",
        "LI",
        "MC",
        "ID",
        "JP",
        "TH",
        "VN",
        "RO",
        "IL",
        "ZA",
        "SA",
        "AE",
        "BH",
        "QA",
        "OM",
        "KW",
        "EG",
        "MA",
        "DZ",
        "TN",
        "LB",
        "JO",
        "PS",
        "IN",
        "BY",
        "KZ",
        "MD",
        "UA",
        "AL",
        "BA",
        "HR",
        "ME",
        "MK",
        "RS",
        "SI",
        "KR",
        "BD",
        "PK",
        "LK",
        "GH",
        "KE",
        "NG",
        "TZ",
        "UG",
        "AG",
        "AM",
        "BS",
        "BB",
        "BZ",
        "BT",
        "BW",
        "BF",
        "CV",
        "CW",
        "DM",
        "FJ",
        "GM",
        "GE",
        "GD",
        "GW",
        "GY",
        "HT",
        "JM",
        "KI",
        "LS",
        "LR",
        "MW",
        "MV",
        "ML",
        "MH",
        "FM",
        "NA",
        "NR",
        "NE",
        "PW",
        "PG",
        "WS",
        "SM",
        "ST",
        "SN",
        "SC",
        "SL",
        "SB",
        "KN",
        "LC",
        "VC",
        "SR",
        "TL",
        "TO",
        "TT",
        "TV",
        "VU",
        "AZ",
        "BN",
        "BI",
        "KH",
        "CM",
        "TD",
        "KM",
        "GQ",
        "SZ",
        "GA",
        "GN",
        "KG",
        "LA",
        "MO",
        "MR",
        "MN",
        "NP",
        "RW",
        "TG",
        "UZ",
        "ZW",
        "BJ",
        "MG",
        "MU",
        "MZ",
        "AO",
        "CI",
        "DJ",
        "ZM",
        "CD",
        "CG",
        "IQ",
        "LY",
        "TJ",
        "VE",
        "ET",
        "XK"
      ],
      "external_urls": {
        "spotify": "https://open.spotify.com/album/1NAmidJlEaVgA3MpcPFYGq"
      },
      "href": "https://api.spotify.com/v1/albums/1NAmidJlEaVgA3MpcPFYGq",
      "id": "1NAmidJlEaVgA3MpcPFYGq",
      "images": [
        {
          "height": 640,
          "url": "https://i.scdn.co/image/ab67616d0000b273e787cffec20aa2a396a61647",
          "width": 640
        },
        {
          "height": 300,
          "url": "https://i.scdn.co/image/ab67616d00001e02e787cffec20aa2a396a61647",
          "width": 300
        },
        {
          "height": 64,
          "url": "https://i.scdn.co/image/ab67616d00004851e787cffec20aa2a396a61647",
          "width": 64
        }
      ],
      "name": "Lover",
      "release_date": "2019-08-23",
      "release_date_precision": "day",
      "total_tracks": 18,
      "type": "album",
      "uri": "spotify:album:1NAmidJlEaVgA3MpcPFYGq"
    },
    "artists": [
      {
        "external_urls": {
          "spotify": "https://open.spotify.com/artist/06HL4z0CvFAxyc27GXpf02"
        },
        "href": "https://api.spotify.com/v1/artists/06HL4z0CvFAxyc27GXpf02",
        "id": "06HL4z0CvFAxyc27GXpf02",
        "name": "Taylor Swift",
        "type": "artist",
        "uri": "spotify:artist:06HL4z0CvFAxyc27GXpf02"
      }
    ],
    "available_markets": [
      "AR",
      "AU",
      "AT",
      "BE",
      "BO",
      "BR",
      "BG",
      "CA",
      "CL",
      "CO",
      "CR",
      "CY",
      "CZ",
      "DK",
      "DO",
      "DE",
      "EC",
      "EE",
      "SV",
      "FI",
      "FR",
      "GR",
      "GT",
      "HN",
      "HK",
      "HU",
      "IS",
      "IE",
      "IT",
      "LV",
      "LT",
      "LU",
      "MY",
      "MT",
      "MX",
      "NL",
      "NZ",
      "NI",
      "NO",
      "PA",
      "PY",
      "PE",
      "PH",
      "PL",
      "PT",
      "SG",
      "SK",
      "ES",
      "SE",
      "CH",
      "TW",
      "TR",
      "UY",
      "US",
      "GB",
      "AD",
      "LI",
      "MC",
      "ID",
      "JP",
      "TH",
      "VN",
      "RO",
      "IL",
      "ZA",
      "SA",
      "AE",
      "BH",
      "QA",
      "OM",
      "KW",
      "EG",
      "MA",
      "DZ",
      "TN",
      "LB",
      "JO",
      "PS",
      "IN",
      "BY",
      "KZ",
      "MD",
      "UA",
      "AL",
      "BA",
      "HR",
      "ME",
      "MK",
      "RS",
      "SI",
      "KR",
      "BD",
      "PK",
      "LK",
      "GH",
      "KE",
      "NG",
      "TZ",
      "UG",
      "AG",
      "AM",
      "BS",
      "BB",
      "BZ",
      "BT",
      "BW",
      "BF",
      "CV",
      "CW",
      "DM",
      "FJ",
      "GM",
      "GE",
      "GD",
      "GW",
      "GY",
      "HT",
      "JM",
      "KI",
      "LS",
      "LR",
      "MW",
      "MV",
      "ML",
      "MH",
      "FM",
      "NA",
      "NR",
      "NE",
      "PW",
      "PG",
      "WS",
      "SM",
      "ST",
      "SN",
      "SC",
      "SL",
      "SB",
      "KN",
      "LC",
      "VC",
      "SR",
      "TL",
      "TO",
      "TT",
      "TV",
      "VU",
      "AZ",
      "BN",
      "BI",
      "KH",
      "CM",
      "TD",
      "KM",
      "GQ",
      "SZ",
      "GA",
      "GN",
      "KG",
      "LA",
      "MO",
      "MR",
      "MN",
      "NP",
      "RW",
      "TG",
      "UZ",
      "ZW",
      "BJ",
      "MG",
      "MU",
      "MZ",
      "AO",
      "CI",
      "DJ",
      "ZM",
      "CD",
      "CG",
      "IQ",
      "LY",
      "TJ",
      "VE",
      "ET",
      "XK"
    ],
    "disc_number": 1,
    "duration_ms": 178426,
    "explicit": false,
    "external_ids": {
      "isrc": "USUG11901472"
    },
    "external_urls": {
      "spotify": "https://open.spotify.com/track/1BxfuPKGuaTgP7aM0Bbdwr"
    },
    "href": "https://api.spotify.com/v1/tracks/1BxfuPKGuaTgP7aM0Bbdwr",
    "id": "1BxfuPKGuaTgP7aM0Bbdwr",
    "is_local": false,
    "name": "Cruel Summer",
    "popularity": 99,
    "preview_url": null,
    "track_number": 2,
    "type": "track",
    "uri": "spotify:track:1BxfuPKGuaTgP7aM0Bbdwr"
  }