{
	"info": {
		"_postman_id": "d6bccc8d-e429-4cf5-9273-d2b5ad7f5769",
		"name": "spotify",
		"schema": "https://schema.getpostman.com/json/collection/v2.1.0/collection.json",
		"_exporter_id": "16529372"
	},
	"item": [
		{
			"name": "authentication",
			"item": [
				{
					"name": "auth",
					"request": {
						"method": "POST",
						"header": [],
						"body": {
							"mode": "raw",
							"raw": "{\r\n        \"username\": \"jagadeep\",\r\n        \"password\":\"Abcabc@123\"\r\n    }",
							"options": {
								"raw": {
									"language": "json"
								}
							}
						},
						"url": {
							"raw": "http://localhost:9090/api/v1.0/auth/login",
							"protocol": "http",
							"host": [
								"localhost"
							],
							"port": "9090",
							"path": [
								"api",
								"v1.0",
								"auth",
								"login"
							]
						}
					},
					"response": []
				}
			]
		},
		{
			"name": "userprofile",
			"item": [
				{
					"name": "getall",
					"request": {
						"auth": {
							"type": "bearer",
							"bearer": [
								{
									"key": "token",
									"value": "eyJhbGciOiJIUzI1NiJ9.eyJzdWIiOiJ0ZWphamFnYWRlZXAiLCJyb2xlIjoiQWRtaW4iLCJpYXQiOjE3MDA3NTM3ODQsImV4cCI6MTcwMDc1NzM4NH0.LCzFkPH0ret-0b27NkX3kxUMbfhpkad1g2LVjRFoypw",
									"type": "string"
								}
							]
						},
						"method": "GET",
						"header": [],
						"url": {
							"raw": "http://localhost:9090/api/v1.0/userProfile/getAllUser",
							"protocol": "http",
							"host": [
								"localhost"
							],
							"port": "9090",
							"path": [
								"api",
								"v1.0",
								"userProfile",
								"getAllUser"
							]
						}
					},
					"response": []
				},
				{
					"name": "getById",
					"request": {
						"auth": {
							"type": "bearer",
							"bearer": [
								{
									"key": "token",
									"value": "eyJhbGciOiJIUzI1NiJ9.eyJzdWIiOiJtZWdoYW5hIiwicm9sZSI6IlVzZXIiLCJpYXQiOjE3MDA3NTUyNTksImV4cCI6MTcwMDc1ODg1OX0.pXFyECQN2GlZyRnvVZpdtI2up0TkhSIdl3cjMdNUYHE",
									"type": "string"
								}
							]
						},
						"method": "GET",
						"header": [],
						"url": {
							"raw": "http://localhost:9090/api/v1.0/userProfile/getUserById/meghana",
							"protocol": "http",
							"host": [
								"localhost"
							],
							"port": "9090",
							"path": [
								"api",
								"v1.0",
								"userProfile",
								"getUserById",
								"meghana"
							]
						}
					},
					"response": []
				},
				{
					"name": "createProfile",
					"request": {
						"method": "POST",
						"header": [],
						"body": {
							"mode": "raw",
							"raw": "{\r\n        \"username\": \"meghana\",\r\n        \"firstName\": \"meghana\",\r\n        \"lastName\": \"priya\",\r\n        \"number\": 7893649285,\r\n        \"dateOfBirth\": \"1989-12-31T18:30:00.000+00:00\",\r\n        \"email\": \"meghana.priya@example.com\",\r\n        \"password\":\"Abcabc@123\"\r\n}",
							"options": {
								"raw": {
									"language": "json"
								}
							}
						},
						"url": {
							"raw": "http://localhost:9090/api/v1.0/userProfile/addUser",
							"protocol": "http",
							"host": [
								"localhost"
							],
							"port": "9090",
							"path": [
								"api",
								"v1.0",
								"userProfile",
								"addUser"
							]
						}
					},
					"response": []
				}
			]
		},
		{
			"name": "wishlist",
			"item": [
				{
					"name": "getuserWishList",
					"request": {
						"auth": {
							"type": "bearer",
							"bearer": [
								{
									"key": "token",
									"value": "eyJhbGciOiJIUzI1NiJ9.eyJzdWIiOiJqYWdhZGVlcCIsInJvbGUiOiJVc2VyIiwiaWF0IjoxNzAwNzU3OTE3LCJleHAiOjE3MDA3NjE1MTd9.3HsuhhfTwr9U_nTkc1rrQ1VQrN6ii-BpdqHRi7hRBLg",
									"type": "string"
								}
							]
						},
						"method": "GET",
						"header": [],
						"url": {
							"raw": "http://localhost:9090/api/v1.0/wishlist/get-user-wishlist?username=meghana",
							"protocol": "http",
							"host": [
								"localhost"
							],
							"port": "9090",
							"path": [
								"api",
								"v1.0",
								"wishlist",
								"get-user-wishlist"
							],
							"query": [
								{
									"key": "username",
									"value": "meghana"
								}
							]
						}
					},
					"response": []
				},
				{
					"name": "removesong",
					"request": {
						"auth": {
							"type": "bearer",
							"bearer": [
								{
									"key": "token",
									"value": "eyJhbGciOiJIUzI1NiJ9.eyJzdWIiOiJqYWdhZGVlcCIsInJvbGUiOiJVc2VyIiwiaWF0IjoxNzAwNzU4MzA5LCJleHAiOjE3MDA3NjE5MDl9.zQC6FVryIWf5c5VLDPtdedCUagVtFTc-_JwjYen9pBM",
									"type": "string"
								}
							]
						},
						"method": "DELETE",
						"header": [],
						"url": {
							"raw": "http://localhost:9090/api/v1.0/wishlist/remove-track?username=jagadeep&trackId=5DgY6Ab0vpyUMKnY9ubFOF",
							"protocol": "http",
							"host": [
								"localhost"
							],
							"port": "9090",
							"path": [
								"api",
								"v1.0",
								"wishlist",
								"remove-track"
							],
							"query": [
								{
									"key": "username",
									"value": "jagadeep"
								},
								{
									"key": "trackId",
									"value": "5DgY6Ab0vpyUMKnY9ubFOF"
								}
							]
						}
					},
					"response": []
				},
				{
					"name": "saveTrackToWishList",
					"request": {
						"method": "POST",
						"header": [],
						"body": {
							"mode": "raw",
							"raw": "{\r\n    \"album\": {\r\n        \"album_type\": \"album\",\r\n        \"artists\": [\r\n            {\r\n                \"external_urls\": {\r\n                    \"spotify\": \"https://open.spotify.com/artist/4zCH9qm4R2DADamUHMCa6O\"\r\n                },\r\n                \"href\": \"https://api.spotify.com/v1/artists/4zCH9qm4R2DADamUHMCa6O\",\r\n                \"id\": \"4zCH9qm4R2DADamUHMCa6O\",\r\n                \"name\": \"Anirudh Ravichander\",\r\n                \"type\": \"artist\",\r\n                \"uri\": \"spotify:artist:4zCH9qm4R2DADamUHMCa6O\"\r\n            }\r\n        ],\r\n        \"external_urls\": {\r\n            \"spotify\": \"https://open.spotify.com/album/0zRUzTXH7GtGLxt6uVdARD\"\r\n        },\r\n        \"href\": \"https://api.spotify.com/v1/albums/0zRUzTXH7GtGLxt6uVdARD\",\r\n        \"id\": \"0zRUzTXH7GtGLxt6uVdARD\",\r\n        \"images\": [\r\n            {\r\n                \"height\": 640,\r\n                \"url\": \"https://i.scdn.co/image/ab67616d0000b2736d7009c6abdb966deac1fa86\",\r\n                \"width\": 640\r\n            },\r\n            {\r\n                \"height\": 300,\r\n                \"url\": \"https://i.scdn.co/image/ab67616d00001e026d7009c6abdb966deac1fa86\",\r\n                \"width\": 300\r\n            },\r\n            {\r\n                \"height\": 64,\r\n                \"url\": \"https://i.scdn.co/image/ab67616d000048516d7009c6abdb966deac1fa86\",\r\n                \"width\": 64\r\n            }\r\n        ],\r\n        \"name\": \"Jailer (Original Motion Picture Soundtrack)\",\r\n        \"release_date\": \"2023-07-28\",\r\n        \"type\": \"album\",\r\n        \"uri\": \"spotify:album:0zRUzTXH7GtGLxt6uVdARD\"\r\n    },\r\n    \"artists\": [\r\n        {\r\n            \"external_urls\": {\r\n                \"spotify\": \"https://open.spotify.com/artist/4zCH9qm4R2DADamUHMCa6O\"\r\n            },\r\n            \"href\": \"https://api.spotify.com/v1/artists/4zCH9qm4R2DADamUHMCa6O\",\r\n            \"id\": \"4zCH9qm4R2DADamUHMCa6O\",\r\n            \"name\": \"Anirudh Ravichander\",\r\n            \"type\": \"artist\",\r\n            \"uri\": \"spotify:artist:4zCH9qm4R2DADamUHMCa6O\"\r\n        },\r\n        {\r\n            \"external_urls\": {\r\n                \"spotify\": \"https://open.spotify.com/artist/6sXT8Cggm4tmoxhVjaUVs0\"\r\n            },\r\n            \"href\": \"https://api.spotify.com/v1/artists/6sXT8Cggm4tmoxhVjaUVs0\",\r\n            \"id\": \"6sXT8Cggm4tmoxhVjaUVs0\",\r\n            \"name\": \"Super Subu\",\r\n            \"type\": \"artist\",\r\n            \"uri\": \"spotify:artist:6sXT8Cggm4tmoxhVjaUVs0\"\r\n        }\r\n    ],\r\n    \"external_urls\": {\r\n        \"spotify\": \"https://open.spotify.com/track/5DgY6Ab0vpyUMKnY9ubFOF\"\r\n    },\r\n    \"href\": \"https://api.spotify.com/v1/tracks/5DgY6Ab0vpyUMKnY9ubFOF\",\r\n    \"id\": \"5DgY6Ab0vpyUMKnY9ubFOF\",\r\n    \"name\": \"Hukum - Thalaivar Alappara\",\r\n    \"preview_url\": \"https://p.scdn.co/mp3-preview/25de2a42aced5bd37e33eab44d0aa5aba04305e8?cid=cfdbd6448f364fca80b7aa03228c64c9\",\r\n    \"type\": \"track\",\r\n    \"uri\": \"spotify:track:5DgY6Ab0vpyUMKnY9ubFOF\"\r\n}",
							"options": {
								"raw": {
									"language": "json"
								}
							}
						},
						"url": {
							"raw": "http://localhost:9090/api/v1.0/wishlist/save-track-to-wishList?username=meghana",
							"protocol": "http",
							"host": [
								"localhost"
							],
							"port": "9090",
							"path": [
								"api",
								"v1.0",
								"wishlist",
								"save-track-to-wishList"
							],
							"query": [
								{
									"key": "username",
									"value": "meghana"
								}
							]
						}
					},
					"response": []
				}
			]
		},
		{
			"name": "spotify",
			"item": [
				{
					"name": "login",
					"request": {
						"method": "GET",
						"header": [],
						"url": {
							"raw": "http://localhost:9090/api/v1.0/music/login",
							"protocol": "http",
							"host": [
								"localhost"
							],
							"port": "9090",
							"path": [
								"api",
								"v1.0",
								"music",
								"login"
							]
						}
					},
					"response": []
				},
				{
					"name": "search",
					"request": {
						"method": "GET",
						"header": [],
						"url": {
							"raw": "http://localhost:9090/api/v1.0/music/search?query=leo",
							"protocol": "http",
							"host": [
								"localhost"
							],
							"port": "9090",
							"path": [
								"api",
								"v1.0",
								"music",
								"search"
							],
							"query": [
								{
									"key": "query",
									"value": "leo"
								}
							]
						}
					},
					"response": []
				},
				{
					"name": "billboard-hot-100-playlist",
					"request": {
						"method": "GET",
						"header": [],
						"url": {
							"raw": "http://localhost:9090/api/v1.0/music/bill-board-100-playlist",
							"protocol": "http",
							"host": [
								"localhost"
							],
							"port": "9090",
							"path": [
								"api",
								"v1.0",
								"music",
								"bill-board-100-playlist"
							]
						}
					},
					"response": []
				},
				{
					"name": "top-hitlist-playlist",
					"request": {
						"method": "GET",
						"header": [],
						"url": {
							"raw": "http://localhost:9090/api/v1.0/music/today-top-hits-playlist",
							"protocol": "http",
							"host": [
								"localhost"
							],
							"port": "9090",
							"path": [
								"api",
								"v1.0",
								"music",
								"today-top-hits-playlist"
							]
						}
					},
					"response": []
				},
				{
					"name": "get-track",
					"request": {
						"method": "GET",
						"header": [],
						"url": {
							"raw": "http://localhost:9090/api/v1.0/music/get-track?trackId=2wAJTrFhCnQyNSD3oUgTZO",
							"protocol": "http",
							"host": [
								"localhost"
							],
							"port": "9090",
							"path": [
								"api",
								"v1.0",
								"music",
								"get-track"
							],
							"query": [
								{
									"key": "trackId",
									"value": "2wAJTrFhCnQyNSD3oUgTZO"
								}
							]
						}
					},
					"response": []
				}
			]
		},
		{
			"name": "beartoken",
			"request": {
				"method": "GET",
				"header": [],
				"url": {
					"raw": "http://localhost:9090/home",
					"protocol": "http",
					"host": [
						"localhost"
					],
					"port": "9090",
					"path": [
						"home"
					]
				}
			},
			"response": []
		},
		{
			"name": "externallinks",
			"request": {
				"auth": {
					"type": "bearer",
					"bearer": [
						{
							"key": "token",
							"value": "BQATFM0xomLm4sYMX3YmMkwLFvlYDwR9pb0Vzrg7DUs5cR0YcTVAks4Yusu0qwXD1IjExtl7cYxiNkdfAAPZ5cLpQFEZiWfj0DB4nBRR3nceKPhiMwo",
							"type": "string"
						}
					]
				},
				"method": "GET",
				"header": [],
				"url": {
					"raw": "https://api.spotify.com/v1/search?query=leo&type=track&offset=0&limit=2",
					"protocol": "https",
					"host": [
						"api",
						"spotify",
						"com"
					],
					"path": [
						"v1",
						"search"
					],
					"query": [
						{
							"key": "query",
							"value": "leo"
						},
						{
							"key": "type",
							"value": "track"
						},
						{
							"key": "offset",
							"value": "0"
						},
						{
							"key": "limit",
							"value": "2"
						}
					]
				}
			},
			"response": []
		}
	]
}